State, API_Value
Johor,112.4166667
Kedah,113.6666667
Kelantan,128
Malacca,101.5833333
Negeri Sembilan,100.5833333
Pahang,116
Penang,126.4166667
Perak,100.9166667
Perlis,100.75
Sabah,100.25
Sarawak,109.9166667
Selangor,114.4166667
Terengganu,104.75
Grand Total,109.974359
